INSERT INTO Users (name, email, register_date) VALUES
('Alice Lin', 'alice01@example.com', '2024-01-01'),
('Bob Chen', 'bob02@example.com', '2024-01-05'),
('Charlie Wang', 'charlie03@example.com', '2024-01-10'),
('Daisy Wu', 'daisy04@example.com', '2024-01-12'),
('Ethan Huang', 'ethan05@example.com', '2024-01-14'),
('Fiona Yang', 'fiona06@example.com', '2024-02-01'),
('George Liu', 'george07@example.com', '2024-02-03'),
('Helen Tsai', 'helen08@example.com', '2024-02-05'),
('Ivan Lee', 'ivan09@example.com', '2024-02-07'),
('Jenny Hsu', 'jenny10@example.com', '2024-02-08'),
('Kevin Lin', 'kevin11@example.com', '2024-03-01'),
('Linda Chen', 'linda12@example.com', '2024-03-05'),
('Mike Wang', 'mike13@example.com', '2024-03-07'),
('Nina Wu', 'nina14@example.com', '2024-03-08'),
('Oscar Huang', 'oscar15@example.com', '2024-03-10'),
('Penny Yang', 'penny16@example.com', '2024-03-12'),
('Quinn Liu', 'quinn17@example.com', '2024-04-01'),
('Rachel Tsai', 'rachel18@example.com', '2024-04-03'),
('Steven Lee', 'steven19@example.com', '2024-04-05'),
('Tina Hsu', 'tina20@example.com', '2024-04-06');

INSERT INTO Series (title, director, release_year) VALUES
('Breaking Code', 'David Lin', 2020),
('The Query Games', 'Amy Wu', 2021),
('Hackers United', 'Tom Chen', 2019),
('Data Detectives', 'Kelly Huang', 2022),
('SQL Survivor', 'Leo Wang', 2023),
('AI Love You', 'Tina Liu', 2024),
('Null and Void', 'Peter Tsai', 2021),
('Trigger Alert', 'Susan Lee', 2020),
('Lost in Index', 'Grace Lin', 2022),
('Select * From Love', 'Tony Hsu', 2019),
('Where is FK?', 'Cathy Wu', 2023),
('Rollback Romance', 'Henry Yang', 2020),
('View to a Kill', 'Emily Chang', 2022),
('Phantom Procedures', 'Jack Lin', 2023),
('Joins of Justice', 'Ann Wu', 2021),
('Normalization Wars', 'Eric Liu', 2022),
('Deadlock Diaries', 'Terry Lin', 2023),
('Cursor in the Dark', 'Nancy Hsu', 2024),
('Table 19', 'Ivy Chen', 2021),
('Foreign Affairs', 'Alan Wu', 2020);

INSERT INTO Genres (name) VALUES
('Drama'),
('Comedy'),
('Sci-Fi'),
('Romance'),
('Action'),
('Horror'),
('Thriller'),
('Fantasy'),
('Documentary'),
('Mystery'),
('Crime'),
('Adventure'),
('Animation'),
('Musical'),
('Biography'),
('History'),
('Family'),
('War'),
('Sport'),
('Western');

INSERT INTO SeriesGenres (series_id, genre_id) VALUES
(1, 1), (1, 3),
(2, 4), (2, 2),
(3, 5), (3, 11),
(4, 1), (4, 10),
(5, 6),
(6, 4), (6, 1),
(7, 7), (7, 8),
(8, 10), (8, 6),
(9, 9),
(10, 4), (10, 2),
(11, 10), (11, 1),
(12, 4), (12, 3),
(13, 10), (13, 12),
(14, 7),
(15, 5), (15, 1),
(16, 1), (16, 10),
(17, 11), (17, 6),
(18, 13),
(19, 2),
(20, 14);

INSERT INTO Rentals (user_id, series_id, rent_date, due_date, return_date) VALUES
(1, 1, '2024-06-01', '2024-06-07', '2024-06-06'),
(2, 3, '2024-06-02', '2024-06-08', NULL),
(3, 5, '2024-06-03', '2024-06-09', '2024-06-10'),
(4, 7, '2024-06-04', '2024-06-10', NULL),
(5, 2, '2024-06-05', '2024-06-11', '2024-06-09'),
(6, 4, '2024-06-06', '2024-06-12', '2024-06-15'),
(7, 6, '2024-06-07', '2024-06-13', NULL),
(8, 8, '2024-06-08', '2024-06-14', NULL),
(9, 9, '2024-06-09', '2024-06-15', '2024-06-14'),
(10, 10, '2024-06-10', '2024-06-16', NULL),
(11, 11, '2024-06-01', '2024-06-07', '2024-06-10'),
(12, 12, '2024-06-02', '2024-06-08', NULL),
(13, 13, '2024-06-03', '2024-06-09', '2024-06-08'),
(14, 14, '2024-06-04', '2024-06-10', NULL),
(15, 15, '2024-06-05', '2024-06-11', '2024-06-11'),
(16, 16, '2024-06-06', '2024-06-12', NULL),
(17, 17, '2024-06-07', '2024-06-13', NULL),
(18, 18, '2024-06-08', '2024-06-14', '2024-06-13'),
(19, 19, '2024-06-09', '2024-06-15', '2024-06-17'),
(20, 20, '2024-06-10', '2024-06-16', NULL);

INSERT INTO Penalties (rental_id, amount, reason) VALUES
(3, 20.00, 'Late return'),
(6, 15.00, 'Late return'),
(11, 10.00, 'Late return'),
(13, 5.00, 'Late return'),
(19, 25.00, 'Late return'),
(2, 0.00, 'Not yet returned'),
(4, 0.00, 'Not yet returned'),
(7, 0.00, 'Not yet returned'),
(8, 0.00, 'Not yet returned'),
(10, 0.00, 'Not yet returned'),
(12, 0.00, 'Not yet returned'),
(14, 0.00, 'Not yet returned'),
(16, 0.00, 'Not yet returned'),
(17, 0.00, 'Not yet returned'),
(20, 0.00, 'Not yet returned'),
(1, 0.00, 'On-time return'),
(5, 0.00, 'On-time return'),
(9, 0.00, 'On-time return'),
(15, 0.00, 'On-time return'),
(18, 0.00, 'On-time return');
